Trial_No,Stim_Cond,Trial_Cond,Stim1,Size_x,Size_y,mri_tr_time,trialstart_time,trialend_time,resp_key,response
S0,MOV,practice,prac.mp4,1920,1080,"[['t', 0.5617057399940677], ['t', 5.854416449001292]]",6.927629082987551,22.730479972989997,,999
S1,POS,movie,OSS_1.mp4,1920,818,[],3.023660378996283,89.68658210200374,,999
S2,POS,movie,OSS_2.mp4,1920,818,[],96.25317975899088,146.4471325239865,,999
