Trial_No,Stim_Cond,Trial_Cond,Stim1,Size_x,Size_y,mri_tr_time,trialstart_time,trialend_time,resp_key,response
S0,MOV,practice,prac.mp4,1920,1080,"[['t', 1.4998998000000938], ['t', 2.9999683000000914], ['t', 4.524381700000049], ['t', 6.025501399999939], ['t', 7.5240529000002425], ['t', 9.02484370000002], ['t', 10.524261099999876], ['t', 12.023930700000165], ['t', 13.525780699999814], ['t', 15.024203999999827], ['t', 16.523704499999894], ['t', 18.02769360000002]]",3.0000519000000168,18.330800300000192,,999
