Trial_No,Stim_Cond,Trial_Cond,Stim1,Size_x,Size_y,mri_tr_time,trialstart_time,trialend_time,resp_key,response
S0,MOV,practice,prac.mp4,1920,1080,"[['t', 1.5000053000001117], ['t', 2.9999733000001925], ['t', 4.5237196000000495], ['t', 6.024030799999991], ['t', 7.525298700000121], ['t', 9.02544180000018], ['t', 10.525742000000037], ['t', 12.024355000000014], ['t', 13.525587100000166], ['t', 15.024036900000056], ['t', 16.523093300000028], ['t', 18.023811200000182]]",3.000065000000177,18.373195100000203,,999
